Creation,MergeTime,id,isPr,N. of Comments,Closed,N. Labels,author, labelStatus, lastUpdateTime, milestoneTitle
1458659917,1458884001,13801,1,7,1,5,mtosi,NNNNNANNNNNNNNNAN,1458884001,Next CMSSW_8_1_X
1458659920,NA,13802,1,7,0,5,mtosi,NNNNNANNNNNNNNNAN,1458828126,Next CMSSW_8_0_X
1458661756,1458812840,13803,1,5,1,6,akhukhun,PNNNNNNNNNPNNNNRN,1458812840,Next CMSSW_8_1_X
1458667868,1458892417,13804,0,37,1,5,davidlange6,NNNNNNNNNNNNNNNNN,1458892678,-
1458678118,NA,13805,1,16,0,5,vkhristenko,NNNNNPNNNNNNNNNAN,1458768302,Next CMSSW_8_1_X
1458679665,NA,13806,0,7,0,3,slava77,NNNNNNNNNNNPNPNNN,1458680332,-
1458680099,NA,13807,0,1,0,1,slava77,NNNNNNNNNNNNNNNNN,1458680124,-
1458714132,1458752954,13808,1,13,1,5,rekovic,NNNNNNNNNNANNNNAN,1458752954,Next CMSSW_8_1_X
1458714230,1458804977,13809,1,18,1,5,rekovic,NNNNNNNNNNANNNNAN,1458804977,Next CMSSW_8_0_X
1458723781,NA,13810,1,11,0,8,kkotov,PNPNNNNNNNPNNNNRN,1458809780,Next CMSSW_8_1_X
1458725231,NA,13811,1,8,0,5,heppye,NNNNNNNNANNNNNNAN,1458733700,Next CMSSW_5_3_X
1458725305,NA,13812,1,7,0,5,heppye,NNNNNNNNANNNNNNAN,1458837785,Next CMSSW_5_3_X
1458726981,NA,13813,1,13,0,5,vkhristenko,NNNNNPNNNNNNNNNAN,1458766252,Next CMSSW_8_0_X
1458737021,NA,13814,1,8,0,6,hroskes,ANNNNNNNNNNNNANAN,1458839547,Next CMSSW_8_1_X
1458737051,NA,13815,1,8,0,6,hroskes,ANNNNNNNNNNNNANAN,1458891360,Next CMSSW_8_0_X
1458737076,NA,13816,1,8,0,6,hroskes,ANNNNNNNNNNNNANAN,1458891385,Next CMSSW_7_6_X
1458737776,NA,13817,1,7,0,5,jasperlauwers,NNNNNANNNNNNNNNAN,1458828341,Next CMSSW_8_0_X
1458741503,NA,13818,0,35,0,2,davidlt,NNNNNNNNNNNNNPNNN,1458904605,-
1458742090,NA,13819,1,9,0,7,VinInn,NNNNNNNNNPNNNPPRN,1458973875,Next CMSSW_8_1_X
1458759810,NA,13820,1,13,0,7,wmtan,NPNNNNPNNNNNNPNRN,1459035199,Next CMSSW_8_1_X
1458766784,NA,13821,1,7,0,7,mmusich,ANNNNNNNNNNNPNPAN,1458845129,Next CMSSW_8_1_X
1458768502,NA,13822,1,11,0,6,bsunanda,NNNNNNNNNPNNNNPAN,1459067874,Next CMSSW_8_1_X
1458792679,1458976403,13823,1,1,1,5,lihux25,NNPNNNNNNNNNNNNPN,1458976403,Next CMSSW_8_1_X
1458813164,1458817276,13824,1,5,1,13,meng-xiao,RPPNNRNNPNNPPPNPN,1458817276,Next CMSSW_8_0_X
1458813415,NA,13825,1,10,0,5,pargali,NNNNNPNNNNNNNNNAN,1458837948,Next CMSSW_8_0_X
1458814013,NA,13826,1,7,0,5,dmitrijus,NNNNNANNNNNNNNNAN,1458829176,Next CMSSW_8_1_X
1458816120,NA,13827,1,7,0,4,meng-xiao,RNNNNNNNNNNNNNNRN,1458816508,CMSSW_8_0_0_patchX
1458825267,NA,13828,1,6,0,6,hqucms,PNPNNNNNNNNNNNNAN,1458839262,Next CMSSW_8_1_X
1458827034,NA,13829,1,5,0,5,meng-xiao,PNNNNNNNNNNNNNNAN,1458835396,Next CMSSW_8_1_X
1458827196,NA,13830,1,5,0,6,hqucms,PNPNNNNNNNNNNNNAN,1458839400,Next CMSSW_8_0_X
